2014,Charbonnieres,Franck,Perin,Js,fperin1@cargocollective.com
2021,Remote,Dorsun,Castanho,Js,acastanho3@auda.org.au
2020,Remote,Kinglsey,Musslewhite,Js,kmusslewhite4@tumblr.com
2016,Remote,Adrien,Eakle,Js,ueakle9@hao123.com
2019,Charbonnieres,Catherine,Giacovelli,Js,rgiacovellid@pen.io
2008,Charbonnieres,Corentin,Mc Faul,Js,mmcfaule@bloomberg.com
2010,Remote,Jennifer,Jeakins,Js,kjeakinsu@un.org
2010,Saint-Martin,Susy,Gornal,Js,mgornal15@china.com.cn
2015,Remote,Cedric,Spellman,Js,bspellman17@altervista.org
2019,Saint-Martin,Susy,Malatalant,Js,omalatalant19@sciencedirect.com
2018,Gex,Jean-loup,Parcall,Js,wparcall1k@nhs.uk
2010,Charbonnieres,Franck,Pottes,Js,spottes1v@addthis.com
2008,Remote,Aurelien,McCraine,Js,mmccraine2c@behance.net
2015,Remote,Jean-loup,Iltchev,Js,ailtchev2d@google.pl
2017,Remote,Iliana,Schenkel,Js,mschenkel2j@patch.com
2020,Charbonnieres,Ali,Ohm,Js,rohm2m@apache.org
2014,Saint-Martin,Michel,Deniske,Js,bdeniske2s@over-blog.com
2011,Villeurbanne,Mathieu,Migheli,Js,lmigheli2u@businessweek.com
2009,Gex,Tony,Scotter,Js,rscotter31@cmu.edu
2015,Gex,Anna,Matissoff,Js,lmatissoff3c@digg.com
2015,Remote,Michel,Walsham,Js,gwalsham3n@over-blog.com
2015,Charbonnieres,Mia,Woodwing,Js,swoodwing41@sitemeter.com
2018,Remote,Mathieu,Chaise,Js,fchaise46@smugmug.com
2012,Charbonnieres,Aurelien,Stovell,Js,dstovell4k@wunderground.com
2017,Remote,Jade,Furzey,Js,afurzey4s@issuu.com
2011,Saint-Martin,Dorsun,Baumford,Js,lbaumford4x@japanpost.jp
2016,Charbonnieres,Melodie,Rebeiro,Js,rrebeiro4y@example.com
2012,Gex,Jade,Ivashnyov,Js,jivashnyov51@vkontakte.ru
2010,Villeurbanne,Yoann,Horburgh,Js,chorburgh59@webnode.com
2012,Villeurbanne,Matteo,Lace,Js,hlace5c@bloglines.com
2021,Remote,Philippe,Thaxter,Js,ethaxter5e@yandex.ru
2017,Remote,Karim,Cleal,Js,kcleal5m@ifeng.com
2014,Gex,Lucas,Baggallay,Js,abaggallay5o@pinterest.com
2019,Remote,Loic,Sellen,Js,hsellen5p@imdb.com
2013,Remote,Aurelien,Almond,Js,talmond5w@mediafire.com
2009,Gex,Claude,Strowan,Js,jstrowan6d@gizmodo.com
2011,Saint-Martin,Veronique,Crosgrove,Js,scrosgrove6e@state.tx.us
2008,Remote,Corentin,Redgewell,Js,jredgewell6i@senate.gov
2013,Villeurbanne,Melodie,Normanvell,Js,tnormanvell6j@sbwire.com
2009,Gex,Yoann,McIlmorie,Js,mmcilmorie6m@networksolutions.com
2014,Remote,Melodie,Robertis,Js,irobertis6n@rediff.com
2009,Villeurbanne,Juliette,Aim,Js,caim6v@phpbb.com
2021,Gex,Jade,Parlet,Js,tparlet6y@ox.ac.uk
2016,Remote,Philippe,Pardue,Js,gpardue71@plala.or.jp
2009,Charbonnieres,Dorsun,Beavan,Js,abeavan76@flickr.com
2012,Saint-Martin,Michel,Comoletti,Js,ccomoletti77@github.io
2019,Gex,Sara,Beaconsall,Js,rbeaconsall79@indiegogo.com
2010,Charbonnieres,Juliette,Agdahl,Js,aagdahl7d@360.cn
2012,Charbonnieres,Eric,Petrulis,Js,ypetrulis7h@google.co.uk
2015,Charbonnieres,Alice,Locarno,Js,vlocarno7n@latimes.com
2018,Charbonnieres,Loic,Gilbert,Js,cgilbert7p@stanford.edu
2016,Villeurbanne,Susy,Delgadillo,Js,bdelgadillo7s@eventbrite.com
2011,Saint-Martin,Franck,Sewell,Js,csewell81@dmoz.org
2011,Charbonnieres,Michel,Furniss,Js,tfurniss88@tinyurl.com
2009,Remote,Cedric,Kilroy,Js,kkilroy89@123-reg.co.uk
2013,Saint-Martin,Kinglsey,Fortescue,Js,lfortescue8g@oaic.gov.au
2018,Villeurbanne,Jade,Ragsdall,Js,cragsdall8k@washingtonpost.com
2015,Gex,Kais,Tole,Js,ctole8q@xing.com
2013,Villeurbanne,Jean-loup,Deary,Js,adeary8v@typepad.com
2012,Saint-Martin,Melodie,Sturmey,Js,msturmey8y@zdnet.com
2011,Villeurbanne,Jade,Sickling,Js,gsickling92@cbc.ca
2016,Charbonnieres,Kais,Bolsteridge,Js,sbolsteridge93@imgur.com
2015,Villeurbanne,Jean-loup,Paddie,Js,tpaddie94@quantcast.com
2012,Remote,Fazul,Volk,Js,bvolk97@comcast.net
2012,Charbonnieres,Catherine,Leipold,Js,rleipold98@forbes.com
2017,Villeurbanne,Bilel,Thornton,Js,ethornton99@usgs.gov
2009,Villeurbanne,Jennifer,Emmet,Js,nemmet9c@mozilla.org
2018,Gex,Mia,Ludford,Js,mludford9d@bluehost.com
2018,Gex,Aurelien,Fruchon,Js,dfruchon9g@twitter.com
2016,Charbonnieres,Ali,Bellefant,Js,mbellefant9i@fastcompany.com
2014,Remote,Nicolas,Bambrugh,Js,lbambrugh9j@comsenz.com
2013,Villeurbanne,Loic,Frowing,Js,rfrowing9l@yellowpages.com
2014,Saint-Martin,Tony,Ioselev,Js,dioselev9s@topsy.com
2018,Charbonnieres,Alois,Mion,Js,zmion9v@dell.com
2010,Villeurbanne,Karim,Woodus,Js,wwoodus9z@bbb.org
2018,Gex,Lucas,Puckett,Js,apucketta2@seattletimes.com
2011,Remote,Loic,Jacson,Js,tjacsona4@people.com.cn
2011,Villeurbanne,Lena,Fitt,Js,cfitta7@illinois.edu
2017,Villeurbanne,Alice,Brentnall,Js,jbrentnalla9@alexa.com
2013,Saint-Martin,Philippe,Jirak,Js,jjirakaf@mapy.cz
2019,Remote,Theo,Lahy,Js,glahyaj@goo.gl
2009,Gex,Loic,Dunseith,Js,gdunseithas@artisteer.com
2008,Gex,Juliette,Skitch,Js,askitchaw@va.gov
2019,Charbonnieres,Tony,Edds,Js,aeddsb2@netvibes.com
2014,Remote,Loic,Brodeau,Js,dbrodeaubb@canalblog.com
2021,Gex,Kais,Torvey,Js,htorveybd@taobao.com
2021,Saint-Martin,Adrien,McEachern,Js,hmceachernbh@amazon.co.jp
2020,Saint-Martin,Iliana,Ebbrell,Js,hebbrellbi@statcounter.com
2018,Villeurbanne,Amanda,Himpson,Js,fhimpsonbo@mediafire.com
2015,Gex,Catherine,Littleover,Js,mlittleoverbq@loc.gov
2020,Gex,Dorsun,Walley,Js,ewalleybr@bloglines.com
2011,Remote,Ludwig,Matton,Js,cmattonbt@fema.gov
2016,Remote,Jean-loup,Nesbit,Js,knesbitc1@google.co.jp
2020,Charbonnieres,Sara,Sibson,Js,msibsonca@shop-pro.jp
2018,Villeurbanne,Jennifer,Geertje,Js,pgeertjecd@alibaba.com
2018,Saint-Martin,Alois,Westoff,Js,rwestoffch@sitemeter.com
2010,Gex,Dorsun,Soal,Js,gsoalcl@issuu.com
2018,Saint-Martin,Lena,Gellately,Js,ggellatelyco@taobao.com
2010,Saint-Martin,Alexandre,Berks,Js,dberkscq@shutterfly.com
2013,Charbonnieres,Loic,Elgie,Js,zelgiecs@state.tx.us
2008,Remote,Mathieu,Feldklein,Js,sfeldkleinct@jigsy.com
2013,Villeurbanne,Iliana,Tomkins,Js,stomkinscw@networksolutions.com
2021,Charbonnieres,Fazul,Harley,Js,eharleyd1@mediafire.com
2010,Remote,Jean-loup,Jekel,Js,cjekeld2@istockphoto.com
2013,Villeurbanne,Jade,Ponsford,Js,rponsfordd7@etsy.com
2020,Charbonnieres,Lena,Clewarth,Js,gclewarthda@feedburner.com
2009,Gex,Maude,Tidcombe,Js,ktidcombedb@toplist.cz
2010,Gex,Cedric,Fearnsides,Js,cfearnsidesdd@samsung.com
2011,Remote,Loic,Mc Ilory,Js,bmcilorydi@oakley.com
2009,Charbonnieres,Loic,Swinburn,Js,cswinburndj@dell.com
2009,Remote,Alexandre,Bonafant,Js,bbonafantdk@cbc.ca
2011,Remote,Bilel,Rubinlicht,Js,rrubinlichtdl@newsvine.com
2013,Saint-Martin,Maude,Frackiewicz,Js,jfrackiewiczdo@umich.edu
2012,Villeurbanne,Kais,Drowsfield,Js,tdrowsfielddq@quantcast.com
2008,Remote,Melodie,Roycroft,Js,aroycroftdw@independent.co.uk
2008,Gex,Lena,Brownjohn,Js,pbrownjohndy@oakley.com
2021,Gex,Maude,L'oiseau,Js,cloiseaue3@creativecommons.org
2011,Gex,Ali,MacVicar,Js,cmacvicare7@is.gd
2020,Saint-Martin,Michel,Gregg,Js,agreggea@vistaprint.com
2020,Gex,Alexandre,Tweedy,Js,stweedyec@state.tx.us
2015,Gex,Ludwig,Perceval,Js,lpercevalef@vimeo.com
2009,Villeurbanne,Eric,Vanderplas,Js,cvanderplaseq@google.de
2019,Saint-Martin,Theo,Lauks,Js,tlaukser@nasa.gov
2011,Charbonnieres,Eric,Polo,Js,cpoloet@ca.gov
2014,Villeurbanne,Amanda,Winfindine,Js,mwinfindineew@cam.ac.uk
2020,Saint-Martin,Anna,Wilkennson,Js,cwilkennsonf1@mashable.com
2012,Gex,Maude,Ricardin,Js,sricardinf5@dagondesign.com
2010,Remote,Adam,Meineck,Js,gmeineckf6@wix.com
2012,Villeurbanne,Karim,Pentony,Js,cpentonyf8@theglobeandmail.com
2010,Villeurbanne,Aurelien,Gianetti,Js,lgianettifb@4shared.com
2011,Villeurbanne,Claude,Probbings,Js,zprobbingsfd@4shared.com
2020,Remote,Aurelien,Conquest,Js,sconquestfe@digg.com
2009,Remote,Maude,Luttgert,Js,mluttgertfr@yolasite.com
2017,Remote,Catherine,Burdis,Js,nburdisfw@economist.com
2017,Charbonnieres,Maude,Bucher,Js,lbucherg2@mit.edu
2019,Remote,Cedric,Drain,Js,jdraing3@mashable.com
2013,Gex,David,Luety,Js,mluetyg4@google.com.au
2009,Saint-Martin,Veronique,Drohane,Js,rdrohanege@disqus.com
2014,Gex,Cedric,Pickrell,Js,gpickrellgi@slashdot.org
2008,Villeurbanne,Anna,Reape,Js,nreapegs@prweb.com
2014,Remote,Bilel,Brackstone,Js,nbrackstonegu@fema.gov
2009,Remote,Cedric,Ilymanov,Js,dilymanovgy@geocities.jp
2018,Saint-Martin,Yoann,Langlands,Js,olanglandsh7@amazon.de
2017,Gex,Mathieu,Stanway,Js,vstanwayhc@typepad.com
2014,Villeurbanne,Michel,Leggen,Js,dleggenhf@cbsnews.com
2008,Villeurbanne,Claude,Sloyan,Js,rsloyanhn@livejournal.com
2016,Gex,Lena,Syne,Js,asynei2@naver.com
2020,Saint-Martin,Juliette,Westfalen,Js,vwestfaleni3@gmpg.org
2015,Remote,Yoann,Vaszoly,Js,kvaszolyie@omniture.com
2011,Remote,Anna,Ventom,Js,nventomif@dailymail.co.uk
2008,Saint-Martin,Corentin,Vales,Js,gvalesin@businessweek.com
2015,Gex,Iliana,Back,Js,vbackir@zdnet.com
2008,Villeurbanne,Adam,Fawson,Js,bfawsoniu@state.tx.us
2015,Charbonnieres,Jade,Graine,Js,bgrainej2@yolasite.com
2016,Gex,Iliana,Palfrie,Js,cpalfriej5@youtube.com
2010,Charbonnieres,Catherine,McFetridge,Js,lmcfetridgej7@prlog.org
2016,Charbonnieres,Lena,MacKinnon,Js,kmackinnonjb@topsy.com
2016,Charbonnieres,Cedric,Haverty,Js,khavertyje@facebook.com
2013,Gex,Anna,Pennicard,Js,gpennicardjh@columbia.edu
2021,Remote,Anna,Andover,Js,landoverji@gmpg.org
2008,Villeurbanne,Jennifer,Coope,Js,lcoopejj@theatlantic.com
2017,Gex,Michel,Wiltshier,Js,lwiltshierjo@phoca.cz
2015,Gex,Iliana,Esson,Js,nessonjq@cdbaby.com
2008,Gex,Lena,Feaster,Js,lfeasterjr@elpais.com
2016,Charbonnieres,Amanda,Kinnach,Js,bkinnachjs@upenn.edu
2015,Gex,Theo,Schinetti,Js,lschinettijy@fastcompany.com
2016,Saint-Martin,Claude,Feldhuhn,Js,mfeldhuhnk0@photobucket.com
2010,Remote,Ali,Shimony,Js,wshimonyk2@theglobeandmail.com
2020,Villeurbanne,Claude,Wesgate,Js,pwesgatek3@psu.edu
2016,Saint-Martin,Cedric,Pero,Js,sperok4@ca.gov
2015,Gex,Ali,Littlemore,Js,plittlemorek5@google.com.au
2018,Charbonnieres,Alice,MacAvaddy,Js,tmacavaddyk7@gravatar.com
2019,Villeurbanne,Lucas,Dunge,Js,mdungekd@hibu.com
2017,Charbonnieres,Tony,Cowp,Js,jcowpkh@soup.io
2010,Charbonnieres,Alexandre,Sarsfield,Js,bsarsfieldki@dailymail.co.uk
2015,Villeurbanne,Mia,Langstrath,Js,slangstrathkk@china.com.cn
2008,Remote,Jean-loup,Tolland,Js,mtollandkn@ucsd.edu
2017,Villeurbanne,Cedric,Syddon,Js,csyddonkq@acquirethisname.com
2010,Saint-Martin,Sara,Aumerle,Js,aaumerlekr@seesaa.net
2017,Charbonnieres,Susy,Somerscales,Js,tsomerscalesks@senate.gov
2016,Saint-Martin,Aurelien,Horning,Js,khorningkv@theglobeandmail.com
2008,Gex,Fazul,Copper,Js,kcopperkx@topsy.com
2010,Charbonnieres,Alexandre,Corstan,Js,mcorstanky@statcounter.com
2008,Saint-Martin,Philippe,Elkington,Js,gelkingtonkz@phoca.cz
2014,Villeurbanne,Kais,Pieper,Js,mpieperl3@goodreads.com
2017,Gex,Lena,Oxx,Js,aoxxl4@hhs.gov
2017,Charbonnieres,Alois,Strivens,Js,sstrivensl8@omniture.com
2012,Saint-Martin,Alice,Duignan,Js,jduignanla@msu.edu
2013,Charbonnieres,David,Cotter,Js,dcotterld@squidoo.com
2018,Remote,Kais,Ecclestone,Js,kecclestonelo@163.com
2010,Saint-Martin,Michel,Skullet,Js,jskulletlp@dagondesign.com
2017,Villeurbanne,Alexandre,Ravel,Js,travellq@bluehost.com
2009,Gex,Veronique,Crich,Js,kcrichlr@ft.com
2010,Remote,Loic,Boone,Js,hboonelt@virginia.edu
2015,Charbonnieres,Claude,Devitt,Js,edevittlz@liveinternet.ru
2011,Charbonnieres,Alois,Olsson,Js,molssonm5@ask.com
2016,Remote,Juliette,Larn,Js,mlarnm8@woothemes.com
2019,Villeurbanne,Karim,Joly,Js,gjolymd@theguardian.com
2009,Saint-Martin,Kais,Storr,Js,jstorrme@oakley.com
2008,Saint-Martin,Alois,Maund,Js,kmaundmk@youku.com
2014,Remote,Cedric,Bumpas,Js,cbumpasml@seesaa.net
2012,Villeurbanne,Alois,Brusle,Js,dbruslemq@msn.com
2017,Charbonnieres,Claude,Cherm,Js,rchermmv@flickr.com
2020,Remote,Bilel,Gwillym,Js,bgwillymmy@census.gov
2011,Villeurbanne,Yoann,Pichmann,Js,ipichmannn3@altervista.org
2020,Saint-Martin,Theo,Collicott,Js,lcollicottn5@squarespace.com
2008,Gex,Kinglsey,Mathevet,Js,kmathevetn7@hp.com
2018,Villeurbanne,Aurelien,McLevie,Js,emclevienc@myspace.com
2008,Gex,Fazul,Naris,Js,mnarisnf@artisteer.com
2015,Remote,Mathieu,Scriven,Js,kscrivenni@free.fr
2015,Charbonnieres,Dorsun,Fredson,Js,tfredsonnz@macromedia.com
2012,Saint-Martin,Adrien,Symcoxe,Js,csymcoxeof@wikispaces.com
2013,Villeurbanne,Tony,Aldham,Js,caldhamoi@un.org
2021,Charbonnieres,Alexandre,Leon,Js,fleonom@vinaora.com
2016,Villeurbanne,Alice,Ghidotti,Js,tghidottion@vkontakte.ru
2012,Remote,Veronique,Fulmen,Js,afulmenoq@imdb.com
2015,Villeurbanne,Jade,Jacquet,Js,cjacquetos@creativecommons.org
2019,Charbonnieres,Adam,Dorre,Js,sdorreox@disqus.com
2012,Villeurbanne,Matteo,Klugman,Js,bklugmanpb@cpanel.net
2016,Remote,Corentin,Steers,Js,asteerspc@home.pl
2020,Villeurbanne,Karim,Shepstone,Js,hshepstonepe@usa.gov
2009,Charbonnieres,Mia,Huc,Js,fhucpl@mac.com
2009,Remote,Mia,Denne,Js,adennepm@phpbb.com
2016,Charbonnieres,Mia,Weerdenburg,Js,aweerdenburgpr@slideshare.net
2011,Gex,Jennifer,Bagnell,Js,abagnellpt@w3.org
2015,Remote,Amanda,Fullager,Js,kfullagerpv@mysql.com
2015,Remote,Veronique,Boller,Js,sbollerpx@hibu.com
2021,Villeurbanne,Karim,Damrell,Js,idamrellpy@skyrock.com
2021,Remote,Michel,Blow,Js,bblowq1@fc2.com
2012,Saint-Martin,Loic,Colegate,Js,ecolegateq2@freewebs.com
2013,Gex,Matteo,Samsonsen,Js,ssamsonsenq6@free.fr
2015,Gex,Philippe,Baxill,Js,abaxillq7@economist.com
2018,Charbonnieres,Mathieu,Pinckney,Js,spinckneyq9@moonfruit.com
2009,Gex,Melodie,Kubanek,Js,fkubanekqa@unesco.org
2009,Charbonnieres,Adrien,Baversor,Js,lbaversorqb@mozilla.org
2020,Villeurbanne,Alice,Romaint,Js,sromaintqe@cnet.com
2018,Charbonnieres,Catherine,Alston,Js,ealstonqg@symantec.com
2020,Charbonnieres,Philippe,Duell,Js,lduellqi@icq.com
2014,Saint-Martin,Fazul,Woolens,Js,rwoolensqq@fotki.com
2014,Villeurbanne,Loic,Eady,Js,readyqu@sogou.com
2009,Remote,Lena,Shower,Js,bshowerqy@photobucket.com
2008,Remote,Kais,Walliker,Js,twallikerr0@edublogs.org
2010,Saint-Martin,Jennifer,Physick,Js,mphysickr3@weibo.com
2014,Saint-Martin,Karim,Geggie,Js,ageggier4@kickstarter.com
2013,Gex,Anna,Cadd,Js,gcaddr7@angelfire.com
2016,Villeurbanne,Veronique,Grinnov,Js,fgrinnovrb@amazon.co.jp
2020,Villeurbanne,Lucas,Casetta,Js,ccasettari@wp.com
2019,Remote,Adam,Bedberry,Js,abedberryrj@zimbio.com
2010,Remote,Melodie,Stukings,Js,wstukingsrl@virginia.edu
2017,Remote,Tony,Abrahamsen,Js,habrahamsenrm@slashdot.org
